Package Name,Package Id,Cyclometric Density,Decision Density,Essential Density,Branch Count,Condition Count,Cyclometric Complexity,Decision Count,Essential Complexity,LOC,Total Operands,Total Operators,Unique Operands Count,Unique Operators Count,Halstead Difficulty,Halstead Length,Halstead Level,Halstead Programming Effort,Halstead Programming Time,Halstead Volume,Maintenance Severity,Defected?(false/true)
cppMetrics,0,84,1.0,0.8313253012048193,16,10,1.7738095238095237,10,70,149,88,112,22,14,28.0,200,0.03571428571428571,1.5563025007672873,0.08646125004262707,0.05558223217026026,0.8333333333333334,false
cppParser,27,1408,1.5465116279069768,0.43283582089552236,770,1064,1.796875,688,610,2530,5290,5172,609,37,160.69786535303777,10462,0.006222858018699228,2.8102325179950842,0.15612402877750467,0.017487677959015034,0.43323863636363635,false
cppParser.utils,139,874,2.1044776119402986,0.5372279495990836,324,564,1.165903890160183,268,470,1019,2454,1858,295,34,141.4169491525424,4312,0.007071288172970899,2.517195897949975,0.13984421655277637,0.017799817582224518,0.5377574370709383,false
cppParser.utils.parameter,173,38,0.0,1.0,0,0,2.236842105263158,0,38,85,14,18,5,3,4.2,32,0.2380952380952381,0.9030899869919436,0.05017166594399687,0.21502142547427228,1.0,false
cppStructures,210,552,1.368421052631579,0.8693284936479129,86,104,1.1684782608695652,76,480,645,582,610,92,18,56.93478260869566,1192,0.017563955708285603,2.0413926851582254,0.11341070473101252,0.03585493070533728,0.8695652173913043,false
