File Name,File Id,Cyclometric Complexity,Decision Density,Essential Density,Branch Count,Condition Count,Cyclometric Density,Decision Count,Essential Complexity,LOC,Total Operands,Total Operators,Unique Operands Count,Unique Operators Count,Halstead Difficulty,Halstead Length,Halstead Level,Halstead Programming Effort,Halstead Programming Time,Halstead Volume,Maintenance Severity,Defected?(false/true) 
F:\Ohjelmointi\Prest\cppParserProj\src\cppMetrics\CyclomaticComplexityMetric.java,1,30,0.75,0.5862068965517241,14,6,1.7666666666666666,8,18,53,30,48,13,11,12.692307692307692,78,0.0787878787878788,1.3802112417116061,0.07667840231731145,0.1087439160136417,0.6,false
F:\Ohjelmointi\Prest\cppParserProj\src\cppMetrics\LOCMetrics.java,7,20,0.0,1.0,0,0,1.65,0,20,33,36,36,8,3,6.75,72,0.14814814814814814,1.041392685158225,0.05785514917545694,0.15428039780121852,1.0,false
F:\Ohjelmointi\Prest\cppParserProj\src\cppMetrics\Metrics.java,13,0,0.0,1.0,0,0,Infinity,0,0,7,0,0,0,0,0.0,0,0.0,0.0,0.0,0.0,0.0,false
F:\Ohjelmointi\Prest\cppParserProj\src\cppMetrics\ObjectOrientedMetrics.java,15,34,2.0,0.9393939393939394,2,4,1.4705882352941178,2,32,50,22,28,4,6,16.5,50,0.0606060606060606,0.9999999999999999,0.05555555555555555,0.0606060606060606,0.9411764705882353,false
F:\Ohjelmointi\Prest\cppParserProj\src\cppMetrics\Result.java,25,0,0.0,1.0,0,0,Infinity,0,0,6,0,0,0,0,0.0,0,0.0,0.0,0.0,0.0,0.0,false
F:\Ohjelmointi\Prest\cppParserProj\src\cppParser\Analyzer.java,28,12,0.0,1.0,0,0,2.1666666666666665,0,12,26,8,10,4,3,3.0,18,0.3333333333333333,0.8450980400142568,0.046949891111903154,0.28169934667141894,1.0,false
F:\Ohjelmointi\Prest\cppParserProj\src\cppParser\ClassAnalyzer.java,32,253,1.4871794871794872,0.2698412698412698,180,232,1.7075098814229248,156,69,432,1262,1256,109,31,179.45871559633025,2518,0.005572312253974746,2.146128035678238,0.11922933531545768,0.011958895551808598,0.2727272727272727,false
F:\Ohjelmointi\Prest\cppParserProj\src\cppParser\CmdLineParameterParser.java,41,52,1.2142857142857142,0.45098039215686275,28,34,1.6346153846153846,28,24,85,148,140,29,12,30.620689655172413,288,0.03265765765765766,1.6127838567197355,0.08959910315109641,0.05266974306854992,0.46153846153846156,false
F:\Ohjelmointi\Prest\cppParserProj\src\cppParser\Extractor.java,47,299,1.6933333333333334,0.348993288590604,178,254,1.8762541806020068,150,105,561,996,966,202,24,59.16831683168317,1962,0.016900937081659972,2.3541084391474008,0.1307838021748556,0.03978663861343498,0.3511705685618729,false
F:\Ohjelmointi\Prest\cppParserProj\src\cppParser\FileLoader.java,62,50,1.25,0.5102040816326531,24,30,1.96,24,26,98,94,94,26,11,19.884615384615383,188,0.05029013539651838,1.5682017240669952,0.08712231800372196,0.07886507703238274,0.52,false
F:\Ohjelmointi\Prest\cppParserProj\src\cppParser\FunctionAnalyzer.java,69,177,1.5918367346938775,0.38636363636363635,100,156,1.6666666666666667,98,69,295,714,678,96,26,96.68749999999999,1392,0.010342598577892697,2.0863598306747484,0.11590887948193046,0.0215783822177091,0.3898305084745763,false
F:\Ohjelmointi\Prest\cppParserProj\src\cppParser\InvalidParameterException.java,80,4,0.0,1.0,0,0,3.25,0,4,13,0,0,0,0,0.0,0,0.0,0.0,0.0,0.0,1.0,false
F:\Ohjelmointi\Prest\cppParserProj\src\cppParser\Main.java,83,16,0.0,0.7333333333333333,8,0,2.875,2,12,46,44,50,17,10,12.941176470588236,94,0.07727272727272727,1.4313637641589874,0.07952020911994374,0.11060538177592175,0.75,false
F:\Ohjelmointi\Prest\cppParserProj\src\cppParser\OperatorAnalyzer.java,87,169,1.6304347826086956,0.35714285714285715,96,150,1.78698224852071,92,61,302,556,576,67,28,116.17910447761196,1132,0.008607399794450153,1.9777236052888478,0.10987353362715821,0.017023057753642445,0.3609467455621302,false
F:\Ohjelmointi\Prest\cppParserProj\src\cppParser\ParsedObjectManager.java,98,33,0.0,1.0,0,0,0.0,0,33,0,30,28,3,1,5.0,58,0.2,0.6020599913279624,0.03344777729599791,0.12041199826559248,1.0,false
F:\Ohjelmointi\Prest\cppParserProj\src\cppParser\PreprocessorPass.java,100,90,1.4444444444444444,0.5730337078651685,44,52,1.7666666666666666,36,52,159,372,316,68,23,62.91176470588236,688,0.015895278167367927,1.9590413923210939,0.10883563290672743,0.031139507872331548,0.5777777777777777,false
F:\Ohjelmointi\Prest\cppParserProj\src\cppParser\ResultExporter.java,109,126,1.4642857142857142,0.504,62,82,2.365079365079365,56,64,298,664,656,155,23,49.26451612903226,1320,0.02029858564693557,2.250420002308894,0.1250233334616052,0.04568034315844403,0.5079365079365079,false
F:\Ohjelmointi\Prest\cppParserProj\src\cppParser\ScopeAnalyzer.java,123,15,1.3333333333333333,0.5714285714285714,6,8,2.466666666666667,6,9,37,54,48,19,10,14.210526315789476,102,0.07037037037037036,1.4623979978989563,0.08124433321660868,0.10290948874103764,0.6,false
F:\Ohjelmointi\Prest\cppParserProj\src\cppParser\SentenceAnalyzer.java,127,99,1.6666666666666667,0.6122448979591837,40,60,1.5757575757575757,36,61,156,328,334,55,19,56.65454545454545,662,0.017650834403080875,1.8692317197309765,0.10384620665172091,0.032993499545957546,0.6161616161616161,false
F:\Ohjelmointi\Prest\cppParserProj\src\cppParser\TypedefAnalyzer.java,135,13,1.5,0.6666666666666666,4,6,1.6923076923076923,4,9,22,20,20,9,8,8.88888888888889,40,0.1125,1.230448921378274,0.06835827340990412,0.13842550365505582,0.6923076923076923,false
F:\Ohjelmointi\Prest\cppParserProj\src\cppParser\utils\Constants.java,140,79,2.6923076923076925,0.5128205128205128,26,70,2.430379746835443,26,41,192,362,174,130,16,22.276923076923076,536,0.04488950276243094,2.164352855784437,0.12024182532135762,0.09715672349861079,0.5189873417721519,false
F:\Ohjelmointi\Prest\cppParserProj\src\cppParser\utils\FunctionCall.java,148,12,0.0,1.0,0,0,0.0,0,12,0,16,16,6,1,1.3333333333333333,32,0.75,0.8450980400142567,0.04694989111190315,0.6338235300106926,1.0,false
F:\Ohjelmointi\Prest\cppParserProj\src\cppParser\utils\FunctionFinder.java,150,10,0.0,1.0,0,0,0.0,0,10,0,16,16,7,1,1.1428571428571428,32,0.875,0.9030899869919434,0.05017166594399686,0.7902037386179506,1.0,false
F:\Ohjelmointi\Prest\cppParserProj\src\cppParser\utils\LLOCCounter.java,152,22,0.0,1.0,0,0,0.0,0,22,0,52,24,25,2,2.08,76,0.4807692307692308,1.4313637641589876,0.07952020911994376,0.6881556558456671,1.0,false
F:\Ohjelmointi\Prest\cppParserProj\src\cppParser\utils\Log.java,154,90,1.5,0.9101123595505618,8,12,0.5777777777777777,8,82,52,48,40,16,10,15.0,88,0.06666666666666667,1.414973347970818,0.07860963044282322,0.09433155653138786,0.9111111111111111,false
F:\Ohjelmointi\Prest\cppParserProj\src\cppParser\utils\MacroExpander.java,161,152,1.903225806451613,0.4966887417218543,62,118,1.4078947368421053,62,76,214,488,392,84,22,63.9047619047619,880,0.01564828614008942,2.0253058652647704,0.11251699251470947,0.03169256570086452,0.5,false
F:\Ohjelmointi\Prest\cppParserProj\src\cppParser\utils\PLOCCounter.java,189,124,1.7826086956521738,0.43089430894308944,68,82,1.0806451612903225,46,54,134,284,256,39,15,54.61538461538461,540,0.018309859154929577,1.7323937598229686,0.0962440977679427,0.031719885743237454,0.43548387096774194,false
F:\Ohjelmointi\Prest\cppParserProj\src\cppParser\utils\StringTools.java,195,347,2.238095238095238,0.3872832369942196,160,282,1.2305475504322767,126,135,427,1134,886,184,32,98.60869565217392,2020,0.010141093474426807,2.3344537511509307,0.1296918750639406,0.023673913702147886,0.38904899135446686,false
F:\Ohjelmointi\Prest\cppParserProj\src\cppParser\utils\VarFinder.java,208,38,0.0,1.0,0,0,0.0,0,38,0,54,54,14,2,3.857142857142857,108,0.25925925925925924,1.2041199826559246,0.06689555459199581,0.31217925476264713,1.0,false
F:\Ohjelmointi\Prest\cppParserProj\src\cppParser\utils\parameter\FunctionCallToken.java,174,14,0.0,1.0,0,0,2.0714285714285716,0,14,29,6,10,3,3,3.0,16,0.3333333333333333,0.7781512503836435,0.04323062502131353,0.2593837501278812,1.0,false
F:\Ohjelmointi\Prest\cppParserProj\src\cppParser\utils\parameter\ParameterToken.java,179,0,0.0,1.0,0,0,Infinity,0,0,10,0,0,0,0,0.0,0,0.0,0.0,0.0,0.0,0.0,false
F:\Ohjelmointi\Prest\cppParserProj\src\cppParser\utils\parameter\StringToken.java,181,14,0.0,1.0,0,0,1.8571428571428572,0,14,26,6,6,2,2,3.0,12,0.3333333333333333,0.6020599913279624,0.03344777729599791,0.20068666377598746,1.0,false
F:\Ohjelmointi\Prest\cppParserProj\src\cppParser\utils\parameter\VariableToken.java,186,10,0.0,1.0,0,0,2.0,0,10,20,2,2,1,1,1.0,4,1.0,0.3010299956639812,0.016723888647998956,0.3010299956639812,1.0,false
F:\Ohjelmointi\Prest\cppParserProj\src\cppStructures\CppClass.java,211,58,1.8,0.8245614035087719,10,18,0.9137931034482759,10,48,53,60,64,19,10,15.78947368421053,124,0.06333333333333332,1.462397997898956,0.08124433321660868,0.09261853986693387,0.8275862068965517,false
F:\Ohjelmointi\Prest\cppParserProj\src\cppStructures\CppDefine.java,217,58,1.0,0.9649122807017544,2,2,1.1724137931034482,2,56,68,48,40,6,5,20.0,88,0.049999999999999996,1.041392685158225,0.05785514917545694,0.05206963425791125,0.9655172413793104,false
F:\Ohjelmointi\Prest\cppParserProj\src\cppStructures\CppFile.java,226,88,1.2,0.7931034482758621,22,24,1.3409090909090908,20,70,118,118,112,25,12,28.32,230,0.03531073446327684,1.568201724066995,0.08712231800372194,0.05537435466338259,0.7954545454545454,false
F:\Ohjelmointi\Prest\cppParserProj\src\cppStructures\CppFunc.java,237,84,0.0,1.0,0,0,0.0,0,84,0,20,18,5,1,2.0,38,0.5,0.7781512503836436,0.043230625021313536,0.3890756251918218,1.0,false
F:\Ohjelmointi\Prest\cppParserProj\src\cppStructures\CppFuncParam.java,239,14,0.0,1.0,0,0,1.4285714285714286,0,14,20,14,14,5,2,2.8,28,0.35714285714285715,0.8450980400142568,0.046949891111903154,0.3018207285765203,1.0,false
F:\Ohjelmointi\Prest\cppParserProj\src\cppStructures\CppNamespace.java,243,14,0.0,1.0,0,0,0.9285714285714286,0,14,13,2,0,1,0,0.0,2,0.0,0.0,0.0,0.0,1.0,false
F:\Ohjelmointi\Prest\cppParserProj\src\cppStructures\CppScope.java,246,126,1.3636363636363635,0.664,52,60,1.4761904761904763,44,84,186,180,220,38,15,35.526315789473685,400,0.028148148148148148,1.724275869600789,0.0957931038667105,0.04853517262579998,0.6666666666666666,false
F:\Ohjelmointi\Prest\cppParserProj\src\cppStructures\CppSentence.java,259,4,0.0,1.0,0,0,2.75,0,4,11,2,2,1,1,1.0,4,1.0,0.3010299956639812,0.016723888647998956,0.3010299956639812,1.0,false
F:\Ohjelmointi\Prest\cppParserProj\src\cppStructures\CppStatement.java,261,0,0.0,1.0,0,0,Infinity,0,0,6,0,0,0,0,0.0,0,0.0,0.0,0.0,0.0,0.0,false
F:\Ohjelmointi\Prest\cppParserProj\src\cppStructures\CppType.java,263,16,0.0,1.0,0,0,1.625,0,16,26,34,32,9,2,3.7777777777777777,66,0.2647058823529412,1.0413926851582251,0.05785514917545695,0.2756627696007067,1.0,false
F:\Ohjelmointi\Prest\cppParserProj\src\cppStructures\DeferredSentence.java,267,22,0.0,1.0,0,0,2.0,0,22,44,32,40,7,2,4.571428571428571,72,0.21875,0.9542425094393248,0.05301347274662915,0.2087405489398523,1.0,false
F:\Ohjelmointi\Prest\cppParserProj\src\cppStructures\FundamentalType.java,272,0,0.0,1.0,0,0,Infinity,0,0,16,0,0,0,0,0.0,0,0.0,0.0,0.0,0.0,0.0,false
F:\Ohjelmointi\Prest\cppParserProj\src\cppStructures\MemberVariable.java,273,68,0.0,1.0,0,0,1.2352941176470589,0,68,84,72,68,10,3,10.799999999999999,140,0.0925925925925926,1.1139433523068367,0.06188574179482426,0.10314290299137378,1.0,false
